<?xml version="1.0" encoding="UTF-8" standalone="yes"?>
<addon id="plugin.video.TDTChannels"
       name="[B][COLOR aqua]TDTChannels[/COLOR][/B]"
       version="0.0.2"
       provider-name="TDTChannels Team">
 <requires>
    <import addon="xbmc.python" version="2.1.0"/>
    <import addon="script.module.beautifulsoup" version="3.2.1"/>
    <import addon="script.module.simple.downloader" version="0.9.4"/>
    <import addon="script.module.beautifulsoup4" />
    <import addon="script.module.requests" />
    <import addon="script.module.httplib2" />
    <import addon="script.module.liveresolver" version="0.1.24" optional="true"/>
    <import addon="script.module.youtube.dl" optional="true"/>
    <import addon="plugin.video.youtube" />
    <import addon="script.module.inputstreamhelper" optional="true"/>  
    <import addon="script.module.livestreamer" optional="true"/>
    <import addon="script.module.slproxy" optional="true"/>
	<import addon="script.module.simplejson" />
    <import addon="script.module.livestreamer" optional="true"/>
    <import addon="script.module.pyamf" optional="true"/>
  </requires>
  <extension point="xbmc.python.pluginsource" library="default.py">
    <provides>video</provides>
  </extension> 
  
  <extension point="xbmc.addon.repository" name="TDTChannels">
        <info>https://raw.githubusercontent.com/AddonTDTChannels/Repositorio/master/Repositorio/addons.xml</info>
        <checksum>https://raw.githubusercontent.com/AddonTDTChannels/Repositorio/master/Repositorio/addons.xml.md5</checksum>
        <datadir zip="true">https://raw.githubusercontent.com/AddonTDTChannels/Repositorio/master/Repositorio/</datadir>
    </extension>
  
  <extension point="xbmc.addon.metadata">
    <summary>TDTChannels</summary>
    <description>TDTChannels- Totalmente Gratis - Totalmente Legal
    </description>
    <platform>all</platform>
    	<assets>
        <icon>icon.png</icon>
        <fanart>fanart.png</fanart>
    </assets>
  </extension>
</addon>